Product Name,Product Price,SKU,Product Category
"WorkPro® 1000 Series Ergonomic Mesh/Mesh Mid-Back Task Chair, Black/Black",$249.99,604924,Executive Chair
"Realspace® MFTC 200 Ergonomic Mesh Mid-Back Task Chair, Black",$229.99,493876,Executive Chair
"WorkPro® Quantum 9000 Series Ergonomic Mesh/Mesh Mid-Back Chair, Black/Black",$449.99,510830,Executive Chair
"Serta® Smart Layers™ Jennings Big & Tall Ergonomic Bonded Leather High-Back Executive Chair, Black/Slate",$469.99,304574,Executive Chair
"WorkPro® 12000 Series Ergonomic Mesh/Fabric Mid-Back Chair, Black/Black",$499.99,9702132,Executive Chair
"WorkPro® Oceanic Mesh/Fabric Ergonomic High-Back Executive Chair, Black",$299.99,2724332,Executive Chair
"WorkPro® Momentum Ergonomic Mesh Active High-Back Chair, Black",$349.99,8517865,Executive Chair
"Shaquille O'Neal™ Zethus Ergonomic Bonded Leather High-Back Executive Chair, Brown",$499.99,7391635,Executive Chair
"Serta® Smart Layers™ Hensley Big & Tall Ergonomic Bonded Leather High-Back Chair, Black/Silver",$499.99,836787,Executive Chair
"Serta® iComfort i5000 Ergonomic Bonded Leather High-Back Executive Chair, Onyx Black/Silver",$649.99,559623,Executive Chair
"Shaquille O'Neal™ Amphion Ergonomic Bonded Leather High-Back Executive Chair, Gray",$449.99,8085683,Executive Chair
"WorkPro® 4000 Series Multifunction Ergonomic Mesh/Fabric High-Back Executive Chair, Black/Black",$349.99,7741114,Executive Chair
"Serta® Smart Layers™ Hensley Big & Tall Ergonomic Bonded Leather High-Back Chair, Roasted Chestnut/Satin Nickel",$499.99,304601,Executive Chair
"Serta® Smart Layers™ Siena Bonded Leather Mid-Back Manager's Chair, Black",$239.99,7412853,Executive Chair
"WorkPro® 12000 Series Ergonomic Mesh High-Back Executive Chair, Black/Chrome",$549.99,6356490,Executive Chair
"Shaquille O'Neal™ Zephyrus Ergonomic Bonded Leather High-Back Executive Chair, Black",$569.99,4582120,Executive Chair
"Realspace® Levari Faux Leather Mid-Back Task Chair, Gray/Black",$299.99,6742150,Executive Chair
"Serta® iComfort i5000 Big & Tall Ergonomic Bonded Leather Executive Chair, Slate/Silver",$699.99,330812,Executive Chair
"Shaquille O'Neal™ Nereus Ergonomic Bonded Leather High-Back Executive Chair, Navy",$529.99,6803931,Executive Chair
"Serta® Smart Layers™ Jennings Big & Tall Ergonomic Bonded Leather High-Back Executive Chair, Brown",$469.99,944591,Executive Chair
"WorkPro® Sentrix Ergonomic Mesh/Fabric Mid-Back Manager's Chair, 3D Arms, Black",$299.99,9592014,Executive Chair
"Serta® iComfort i5000 Ergonomic Bonded Leather Mid-Back Manager's Chair, Onyx Black/Silver",$599.99,602864,Executive Chair
"Shaquille O'Neal™ Zephyrus Ergonomic Bonded Leather High-Back Executive Chair, Gray",$479.99,7119003,Executive Chair
"Shaquille O'Neal™ Amphion Ergonomic Bonded Leather High-Back Executive Chair, Black",$449.99,7011513,Executive Chair
